{
  "info": "lf",
  "optLF": [100, 20, 0.001, 1],
  "bus": [
    [1,  3, 232.4, -16.9, 0,    0,    0,      0,      1.06,   0.0,    0,      0     ],
    [2,  2, 40.0,  42.4,  21.7, 12.7, 0,      0,      1.045,  -4.98,  50.0,  -40.0  ],
    [3,  2, 0,     23.4,  94.2, 19.0, 0,      0,      1.01,  -12.72,  40.0,    0.0  ],
    [4,  1, 0,     0,     47.8, -3.9, 0,      0,      1.019, -10.33,  0,      0     ],
    [5,  1, 0,     0,     7.6,  1.6,  0,      0,      1.020,  -8.78,  0,      0     ],
    [6,  2, 0,     12.2,  11.2, 7.5,  0,      0,      1.07,  -14.22,  24.0,  -6.0   ],
    [7,  1, 0,     0,     0,    0,    0,      0,      1.062, -13.37,  0,      0     ],
    [8,  2, 0,     17.4,  0,    0,    0,      0,      1.09,  -13.36,  24.0,   -6.0  ],
    [9,  1, 0,     0,     29.5, 16.6, 0,      0.19,   1.056, -14.94,  0,      0     ],
    [10, 1, 0,     0,     9.0,  5.8,  0,      0,      1.051, -15.10,  0,      0     ],
    [11, 1, 0,     0,     3.5,  1.8,  0,      0,      1.057, -14.79,  0,      0     ],
    [12, 1, 0,     0,     6.1,  1.6,  0,      0,      1.055, -15.07,  0,      0     ],
    [13, 1, 0,     0,     13.5, 5.8,  0,      0,      1.050, -15.16,  0,      0     ],
    [14, 1, 0,     0,     14.9, 5.0,  0,      0,      1.036, -16.04,  0,      0     ]
  ],
  "branch": [
    [1,  2,  0.01938, 0.05917, 0.0528,  1.0,    0, 1],
    [1,  5,  0.05403, 0.22304, 0.0492,  1.0,    0, 1],
    [2,  3,  0.04699, 0.19797, 0.0438,  1.0,    0, 1],
    [2,  4,  0.05811, 0.17632, 0.034,   1.0,    0, 1],
    [2,  5,  0.05695, 0.17388, 0.0346,  1.0,    0, 1],
    [3,  4,  0.06701, 0.17103, 0.0128,  1.0,    0, 1],
    [4,  5,  0.01335, 0.04211, 0,       1.0,    0, 1],
    [4,  7,  0,       0.20912, 0,       0.978,  0, 1],
    [4,  9,  0,       0.55618, 0,       0.969,  0, 1],
    [5,  6,  0,       0.25202, 0,       0.932,  0, 1],
    [6,  11, 0.09498, 0.19890, 0,       1.0,    0, 1],
    [6,  12, 0.12291, 0.25581, 0,       1.0,    0, 1],
    [6,  13, 0.06615, 0.13027, 0,       1.0,    0, 1],
    [7,  8,  0,       0.17615, 0,       1.0,    0, 1],
    [7,  9,  0,       0.11001, 0,       1.0,    0, 1],
    [9,  10, 0.03181, 0.08450, 0,       1.0,    0, 1],
    [9,  14, 0.12711, 0.27038, 0,       1.0,    0, 1],
    [10, 11, 0.08205, 0.19207, 0,       1.0,    0, 1],
    [12, 13, 0.22092, 0.19988, 0,       1.0,    0, 1],
    [13, 14, 0.17093, 0.34802, 0,       1.0,    0, 1]
  ]
}
